{
  "name": "Barbell Walking Lunge",
  "force": "push",
  "level": "beginner",
  "mechanic": "compound",
  "equipment": "barbell",
  "primaryMuscles": [
    "quadriceps"
  ],
  "secondaryMuscles": [
    "calves",
    "glutes",
    "hamstrings"
  ],
  "instructions": [
    "Begin standing with your feet shoulder width apart and a barbell across your upper back.",
    "Step forward with one leg, flexing the knees to drop your hips. Descend until your rear knee nearly touches the ground. Your posture should remain upright, and your front knee should stay above the front foot.",
    "Drive through the heel of your lead foot and extend both knees to raise yourself back up.",
    "Step forward with your rear foot, repeating the lunge on the opposite leg."
  ],
  "category": "strength",
  "images": [
    "Barbell_Walking_Lunge/0.jpg",
    "Barbell_Walking_Lunge/1.jpg"
  ],
  "id": "Barbell_Walking_Lunge"
}