{
  "name": "Carioca Quick Step",
  "force": null,
  "level": "beginner",
  "mechanic": null,
  "equipment": null,
  "primaryMuscles": [
    "adductors"
  ],
  "secondaryMuscles": [
    "abdominals",
    "abductors",
    "calves",
    "glutes",
    "hamstrings",
    "quadriceps"
  ],
  "instructions": [
    "Begin with your feet a few inches apart and your left arm up in a relaxed, athletic position.",
    "With your right foot, quick step behind and pull the knee up.",
    "Fire your arms back up when you pull the right knee, being sure that your knee goes straight up and down. Avoid turning your feet as you move and continue to look forward as you move to the side."
  ],
  "category": "plyometrics",
  "images": [
    "Carioca_Quick_Step/0.jpg",
    "Carioca_Quick_Step/1.jpg"
  ],
  "id": "Carioca_Quick_Step"
}