{
  "name": "Cat Stretch",
  "force": "static",
  "level": "beginner",
  "mechanic": null,
  "equipment": null,
  "primaryMuscles": [
    "lower back"
  ],
  "secondaryMuscles": [
    "middle back",
    "traps"
  ],
  "instructions": [
    "Position yourself on the floor on your hands and knees.",
    "Pull your belly in and round your spine, lower back, shoulders, and neck, letting your head drop.",
    "Hold for 15 seconds."
  ],
  "category": "stretching",
  "images": [
    "Cat_Stretch/0.jpg",
    "Cat_Stretch/1.jpg"
  ],
  "id": "Cat_Stretch"
}