{
  "name": "Chair Upper Body Stretch",
  "force": "static",
  "level": "beginner",
  "mechanic": null,
  "equipment": "other",
  "primaryMuscles": [
    "shoulders"
  ],
  "secondaryMuscles": [
    "biceps",
    "chest"
  ],
  "instructions": [
    "Sit on the edge of a chair, gripping the back of it.",
    "Straighten your arms, keeping your back straight, and pull your upper body forward so you feel a stretch. Hold for 20-30 seconds."
  ],
  "category": "stretching",
  "images": [
    "Chair_Upper_Body_Stretch/0.jpg",
    "Chair_Upper_Body_Stretch/1.jpg"
  ],
  "id": "Chair_Upper_Body_Stretch"
}