{
  "name": "Clean Shrug",
  "force": "pull",
  "level": "beginner",
  "mechanic": "compound",
  "equipment": "barbell",
  "primaryMuscles": [
    "traps"
  ],
  "secondaryMuscles": [
    "forearms",
    "shoulders"
  ],
  "instructions": [
    "Begin with a shoulder width, double overhand or hook grip, with the bar hanging at the mid thigh position. Your back should be straight and inclined slightly forward.",
    "Shrug your shoulders towards your ears. While this exercise can usually by loaded with heavier weight than a clean, avoid overloading to the point that the execution slows down."
  ],
  "category": "olympic weightlifting",
  "images": [
    "Clean_Shrug/0.jpg",
    "Clean_Shrug/1.jpg"
  ],
  "id": "Clean_Shrug"
}