{
  "name": "Elliptical Trainer",
  "force": null,
  "level": "intermediate",
  "mechanic": null,
  "equipment": "machine",
  "primaryMuscles": [
    "quadriceps"
  ],
  "secondaryMuscles": [
    "calves",
    "glutes",
    "hamstrings"
  ],
  "instructions": [
    "To begin, step onto the elliptical and select the desired option from the menu. Most ellipticals have a manual setting, or you can select a program to run. Typically, you can enter your age and weight to estimate the amount of calories burned during exercise. Elevation can be adjusted to change the intensity of the workout.",
    "The handles can be used to monitor your heart rate to help you stay at an appropriate intensity."
  ],
  "category": "cardio",
  "images": [
    "Elliptical_Trainer/0.jpg",
    "Elliptical_Trainer/1.jpg"
  ],
  "id": "Elliptical_Trainer"
}