{
  "name": "Goblet Squat",
  "force": "push",
  "level": "beginner",
  "mechanic": "compound",
  "equipment": "kettlebells",
  "primaryMuscles": [
    "quadriceps"
  ],
  "secondaryMuscles": [
    "calves",
    "glutes",
    "hamstrings",
    "shoulders"
  ],
  "instructions": [
    "Stand holding a light kettlebell by the horns close to your chest. This will be your starting position.",
    "Squat down between your legs until your hamstrings are on your calves. Keep your chest and head up and your back straight.",
    "At the bottom position, pause and use your elbows to push your knees out. Return to the starting position, and repeat for 10-20 repetitions."
  ],
  "category": "strength",
  "images": [
    "Goblet_Squat/0.jpg",
    "Goblet_Squat/1.jpg"
  ],
  "id": "Goblet_Squat"
}