{
  "name": "Incline Hammer Curls",
  "force": "pull",
  "level": "beginner",
  "mechanic": "isolation",
  "equipment": "dumbbell",
  "primaryMuscles": [
    "biceps"
  ],
  "secondaryMuscles": [

  ],
  "instructions": [
    "Seat yourself on an incline bench with a dumbbell in each hand. You should pressed firmly against he back with your feet together. Allow the dumbbells to hang straight down at your side, holding them with a neutral grip. This will be your starting position.",
    "Initiate the movement by flexing at the elbow, attempting to keep the upper arm stationary.",
    "Continue to the top of the movement and pause, then slowly return to the start position."
  ],
  "category": "strength",
  "images": [
    "Incline_Hammer_Curls/0.jpg",
    "Incline_Hammer_Curls/1.jpg"
  ],
  "id": "Incline_Hammer_Curls"
}