{
  "name": "Knee Across The Body",
  "force": "static",
  "level": "beginner",
  "mechanic": null,
  "equipment": null,
  "primaryMuscles": [
    "glutes"
  ],
  "secondaryMuscles": [
    "abductors",
    "lower back"
  ],
  "instructions": [
    "Lie down on the floor with your right leg straight. Bend your left leg and lower it across your body, holding the knee down toward the floor with your right hand. (The knee doesn't need to touch the floor if you're tight.)",
    "Place your left arm comfortably beside you and turn your head to the left. Imagine you have a weight tied to your tailbone. let your tailbone fall back toward the floor as your chest reaches in the opposite direction to stretch your lower back. Switch sides."
  ],
  "category": "stretching",
  "images": [
    "Knee_Across_The_Body/0.jpg",
    "Knee_Across_The_Body/1.jpg"
  ],
  "id": "Knee_Across_The_Body"
}