{
  "name": "One-Arm Open Palm Kettlebell Clean",
  "force": "pull",
  "level": "intermediate",
  "mechanic": "compound",
  "equipment": "kettlebells",
  "primaryMuscles": [
    "hamstrings"
  ],
  "secondaryMuscles": [
    "forearms",
    "glutes",
    "lower back",
    "quadriceps",
    "shoulders"
  ],
  "instructions": [
    "Place one kettlebell between your feet.",
    "Grab the handle with one hand and raise the kettlebell rapidly, let it flip so that the ball of the kettlebell lands in the palm of your hand.",
    "Throw the kettlebell out in front of you and catch the handle with one hand.",
    "Take the kettlebell to the floor and repeat. Make sure to work both arms."
  ],
  "category": "strength",
  "images": [
    "One-Arm_Open_Palm_Kettlebell_Clean/0.jpg",
    "One-Arm_Open_Palm_Kettlebell_Clean/1.jpg"
  ],
  "id": "One-Arm_Open_Palm_Kettlebell_Clean"
}