{
  "name": "One Knee To Chest",
  "force": "static",
  "level": "beginner",
  "mechanic": "compound",
  "equipment": null,
  "primaryMuscles": [
    "glutes"
  ],
  "secondaryMuscles": [
    "hamstrings",
    "lower back"
  ],
  "instructions": [
    "Start off by lying on the floor.",
    "Extend one leg straight and pull the other knee to your chest. Hold under the knee joint to protect the kneecap.",
    "Gently tug that knee toward your nose.",
    "Switch sides. This stretches the buttocks and lower back of the bent leg and the hip flexor of the straight leg."
  ],
  "category": "stretching",
  "images": [
    "One_Knee_To_Chest/0.jpg",
    "One_Knee_To_Chest/1.jpg"
  ],
  "id": "One_Knee_To_Chest"
}