{
  "name": "Peroneals Stretch",
  "force": "static",
  "level": "intermediate",
  "mechanic": null,
  "equipment": "other",
  "primaryMuscles": [
    "calves"
  ],
  "secondaryMuscles": [

  ],
  "instructions": [
    "In a seated position, loop a belt, rope, or band around one foot. This will be your starting position.",
    "With the leg extended and the heel off of the ground, pull on the belt so that the foot is inverted, with the inside of the foot being pulled towards you. Hold for 10-20 seconds, and then switch sides."
  ],
  "category": "stretching",
  "images": [
    "Peroneals_Stretch/0.jpg",
    "Peroneals_Stretch/1.jpg"
  ],
  "id": "Peroneals_Stretch"
}