{
  "name": "Power Snatch from Blocks",
  "force": "pull",
  "level": "intermediate",
  "mechanic": "compound",
  "equipment": "barbell",
  "primaryMuscles": [
    "quadriceps"
  ],
  "secondaryMuscles": [
    "calves",
    "forearms",
    "glutes",
    "hamstrings",
    "lower back",
    "shoulders",
    "traps",
    "triceps"
  ],
  "instructions": [
    "Begin with a loaded barbell on boxes or stands of the desired height. A wide grip should be taken on the bar. The feet should be directly below the hips, with the feet turned out as needed. Lower the hips, with the chest up and the head looking forward. The shoulders should be just in front of the bar, with the elbows pointed out. This will be the starting position.",
    "Begin the first pull by driving through the front of the heels, raising the bar from the boxes.",
    "Transition into the second pull by extending through the hips knees and ankles, driving the bar up as quickly as possible. The bar should be close to the body. At peak extension, shrug the shoulders and allow the elbows to flex to the side.",
    "As you move your feet into the receiving position, forcefully pull yourself below the bar as you elevate the bar overhead. The feet should move to just outside the hips, turned out as necessary. Receive the bar above a full squat and with the arms fully extended overhead.",
    "Keeping the bar aligned over the front of the heels, your head and chest up, drive through heels of the feet to move to a standing position. Carefully return the weight to the boxes."
  ],
  "category": "olympic weightlifting",
  "images": [
    "Power_Snatch_from_Blocks/0.jpg",
    "Power_Snatch_from_Blocks/1.jpg"
  ],
  "id": "Power_Snatch_from_Blocks"
}