{
  "name": "Preacher Hammer Dumbbell Curl",
  "force": "pull",
  "level": "beginner",
  "mechanic": "isolation",
  "equipment": "dumbbell",
  "primaryMuscles": [
    "biceps"
  ],
  "secondaryMuscles": [
    "forearms"
  ],
  "instructions": [
    "Place the upper part of both arms on top of the preacher bench as you hold a dumbbell in each hand with the palms facing each other (neutral grip).",
    "As you breathe in, slowly lower the dumbbells until your upper arm is extended and the biceps is fully stretched.",
    "As you exhale, use the biceps to curl the weight up until your biceps is fully contracted and the dumbbells are at shoulder height.",
    "Squeeze the biceps hard for a second at the contracted position and repeat for the recommended amount of repetitions."
  ],
  "category": "strength",
  "images": [
    "Preacher_Hammer_Dumbbell_Curl/0.jpg",
    "Preacher_Hammer_Dumbbell_Curl/1.jpg"
  ],
  "id": "Preacher_Hammer_Dumbbell_Curl"
}