{
  "name": "Prone Manual Hamstring",
  "force": "static",
  "level": "beginner",
  "mechanic": "isolation",
  "equipment": null,
  "primaryMuscles": [
    "hamstrings"
  ],
  "secondaryMuscles": [

  ],
  "instructions": [
    "You will need a partner for this exercise. Lay face down with your legs straight. Your assistant will place their hand on your heel.",
    "To begin, flex the knee to curl your leg up. Your partner should provide resistance, starting light and increasing the pressure as the movement is completed. Communicate with your partner to monitor appropriate resistance levels.",
    "Pause at the top, returning the leg to the starting position as your partner provides resistance going the other direction."
  ],
  "category": "strength",
  "images": [
    "Prone_Manual_Hamstring/0.jpg",
    "Prone_Manual_Hamstring/1.jpg"
  ],
  "id": "Prone_Manual_Hamstring"
}