{
  "name": "Pull Through",
  "force": "pull",
  "level": "beginner",
  "mechanic": "compound",
  "equipment": "cable",
  "primaryMuscles": [
    "glutes"
  ],
  "secondaryMuscles": [
    "hamstrings",
    "lower back"
  ],
  "instructions": [
    "Begin standing a few feet in front of a low pulley with a rope or handle attached. Face away from the machine, straddling the cable, with your feet set wide apart.",
    "Begin the movement by reaching through your legs as far as possible, bending at the hips. Keep your knees slightly bent. Keeping your arms straight, extend through the hip to stand straight up. Avoid pulling upward through the shoulders; all of the motion should originate through the hips."
  ],
  "category": "strength",
  "images": [
    "Pull_Through/0.jpg",
    "Pull_Through/1.jpg"
  ],
  "id": "Pull_Through"
}