{
  "name": "Push-Ups With Feet On An Exercise Ball",
  "force": "push",
  "level": "intermediate",
  "mechanic": "compound",
  "equipment": "exercise ball",
  "primaryMuscles": [
    "chest"
  ],
  "secondaryMuscles": [
    "shoulders",
    "triceps"
  ],
  "instructions": [
    "Lie on the floor face down and place your hands about 36 inches apart from each other holding your torso up at arms length.",
    "Place your toes on top of an exercise ball. This will allow your body to be elevated.",
    "Lower yourself until your chest almost touches the floor as you inhale.",
    "Using your pectoral muscles, press your upper body back up to the starting position and squeeze your chest. Breathe out as you perform this step.",
    "After a second pause at the contracted position, repeat the movement for the prescribed amount of repetitions."
  ],
  "category": "strength",
  "images": [
    "Push-Ups_With_Feet_On_An_Exercise_Ball/0.jpg",
    "Push-Ups_With_Feet_On_An_Exercise_Ball/1.jpg"
  ],
  "id": "Push-Ups_With_Feet_On_An_Exercise_Ball"
}