{
  "name": "Reverse Band Box Squat",
  "force": "push",
  "level": "intermediate",
  "mechanic": "compound",
  "equipment": "barbell",
  "primaryMuscles": [
    "quadriceps"
  ],
  "secondaryMuscles": [
    "abductors",
    "adductors",
    "calves",
    "forearms",
    "glutes",
    "hamstrings",
    "lower back"
  ],
  "instructions": [
    "Begin in a power rack with a box at the appropriate height behind you. Set up the bands either on band pegs or attached to the top of the rack, ensuring they will be directly above the bar during the squat. Attach the other end to the bar.",
    "Begin by stepping under the bar and placing it across the back of the shoulders. Squeeze your shoulder blades together and rotate your elbows forward, attempting to bend the bar across your shoulders. Remove the bar from the rack, creating a tight arch in your lower back, and step back into position. Place your feet wider for more emphasis on the back, glutes, adductors, and hamstrings, or closer together for more quad development. Keep your head facing forward.",
    "With your back, shoulders, and core tight, push your knees and butt out and you begin your descent. Sit back with your hips until you are seated on the box. Ideally, your shins should be perpendicular to the ground. Pause when you reach the box, and relax the hip flexors. Never bounce off of a box.",
    "Keeping the weight on your heels and pushing your feet and knees out, drive upward off of the box as you lead the movement with your head. Continue upward, maintaining tightness head to toe. Use care to return the barbell to the rack."
  ],
  "category": "powerlifting",
  "images": [
    "Reverse_Band_Box_Squat/0.jpg",
    "Reverse_Band_Box_Squat/1.jpg"
  ],
  "id": "Reverse_Band_Box_Squat"
}