{
  "name": "Rickshaw Carry",
  "force": null,
  "level": "intermediate",
  "mechanic": "compound",
  "equipment": "other",
  "primaryMuscles": [
    "forearms"
  ],
  "secondaryMuscles": [
    "abdominals",
    "calves",
    "glutes",
    "hamstrings",
    "lower back",
    "quadriceps",
    "traps"
  ],
  "instructions": [
    "Position the frame at the starting point, and load with the appropriate weight. Standing in the center of the frame, begin by gripping the handles and driving through your heels to lift the frame. Ensure your chest and head are up and your back is straight.",
    "Immediately begin walking briskly with quick, controlled steps. Keep your chest up and head forward, and make sure you continue breathing. Bring the frame to the ground after you have reached the end point."
  ],
  "category": "strongman",
  "images": [
    "Rickshaw_Carry/0.jpg",
    "Rickshaw_Carry/1.jpg"
  ],
  "id": "Rickshaw_Carry"
}