{
  "name": "Round The World Shoulder Stretch",
  "force": "static",
  "level": "beginner",
  "mechanic": null,
  "equipment": "other",
  "primaryMuscles": [
    "shoulders"
  ],
  "secondaryMuscles": [
    "biceps",
    "chest"
  ],
  "instructions": [
    "Stand up straight with your legs together, holding a bodybar or broomstick.",
    "Hold the pole behind your hips with a wider than shoulder width grip. Your palms should be down and your thumbs facing out.",
    "Slowly lift your arms up behind your head. Don't force it if it gets hard to lift further."
  ],
  "category": "stretching",
  "images": [
    "Round_The_World_Shoulder_Stretch/0.jpg",
    "Round_The_World_Shoulder_Stretch/1.jpg"
  ],
  "id": "Round_The_World_Shoulder_Stretch"
}