{
  "name": "Seated Hamstring and Calf Stretch",
  "force": "static",
  "level": "intermediate",
  "mechanic": null,
  "equipment": "other",
  "primaryMuscles": [
    "hamstrings"
  ],
  "secondaryMuscles": [
    "calves"
  ],
  "instructions": [
    "Loop a belt, rope, or band around one foot. Sit down with both legs extended . This will be your starting position.",
    "Leaning forward slightly, pull on the belt to draw the toes of your foot back. Hold this position for 10-20 seconds and then repeat with the other leg."
  ],
  "category": "stretching",
  "images": [
    "Seated_Hamstring_and_Calf_Stretch/0.jpg",
    "Seated_Hamstring_and_Calf_Stretch/1.jpg"
  ],
  "id": "Seated_Hamstring_and_Calf_Stretch"
}