{
  "name": "Shotgun Row",
  "force": "pull",
  "level": "beginner",
  "mechanic": "compound",
  "equipment": "cable",
  "primaryMuscles": [
    "lats"
  ],
  "secondaryMuscles": [
    "biceps",
    "middle back"
  ],
  "instructions": [
    "Attach a single handle to a low cable.",
    "After selecting the correct weight, stand a couple feet back with a wide-split stance. Your arm should be extended and your shoulder forward. This will be your starting position.",
    "Perform the movement by retracting the shoulder and flexing the elbow. As you pull, supinate the wrist, turning the palm upward as you go.",
    "After a brief pause, return to the starting position."
  ],
  "category": "strength",
  "images": [
    "Shotgun_Row/0.jpg",
    "Shotgun_Row/1.jpg"
  ],
  "id": "Shotgun_Row"
}