{
  "name": "Shoulder Circles",
  "force": "pull",
  "level": "beginner",
  "mechanic": null,
  "equipment": null,
  "primaryMuscles": [
    "shoulders"
  ],
  "secondaryMuscles": [
    "traps"
  ],
  "instructions": [
    "With shoulders relaxed and arms resting loosely at your sides (or in your lap if you're seated), gently roll your shoulders forward, up, back, and down.",
    "Reverse direction. You can do this exercise alternating shoulders or both at the same time."
  ],
  "category": "stretching",
  "images": [
    "Shoulder_Circles/0.jpg",
    "Shoulder_Circles/1.jpg"
  ],
  "id": "Shoulder_Circles"
}