{
  "name": "Shoulder Press - With Bands",
  "force": "push",
  "level": "beginner",
  "mechanic": "compound",
  "equipment": "bands",
  "primaryMuscles": [
    "shoulders"
  ],
  "secondaryMuscles": [
    "triceps"
  ],
  "instructions": [
    "To begin, stand on an exercise band so that tension begins at arm's length. Grasp the handles and lift them so that the hands are at shoulder height at each side.",
    "Rotate the wrists so that the palms of your hands are facing forward. Your elbows should be bent, with the upper arms and forearms in line to the torso. This is your starting position.",
    "As you exhale, lift the handles up until your arms are fully extended overhead."
  ],
  "category": "strength",
  "images": [
    "Shoulder_Press_-_With_Bands/0.jpg",
    "Shoulder_Press_-_With_Bands/1.jpg"
  ],
  "id": "Shoulder_Press_-_With_Bands"
}