{
  "name": "Side Laterals to Front Raise",
  "force": "push",
  "level": "beginner",
  "mechanic": "isolation",
  "equipment": "dumbbell",
  "primaryMuscles": [
    "shoulders"
  ],
  "secondaryMuscles": [
    "traps"
  ],
  "instructions": [
    "In a standing position, hold a pair of dumbbells at your side. This will be your starting position.",
    "Keeping your elbows slightly bent, raise the weights directly in front of you to shoulder height, avoiding any swinging or cheating.",
    "At the top of the exercise move the weights out in front of you, keeping your arms extended.",
    "Lower the weights with a controlled motion.",
    "On the next repetition, raise the weights in front of you to shoulder height before moving the weights laterally to your sides.",
    "Lower the weights to the starting position."
  ],
  "category": "strength",
  "images": [
    "Side_Laterals_to_Front_Raise/0.jpg",
    "Side_Laterals_to_Front_Raise/1.jpg"
  ],
  "id": "Side_Laterals_to_Front_Raise"
}