{
  "name": "Side Standing Long Jump",
  "force": "push",
  "level": "beginner",
  "mechanic": "compound",
  "equipment": null,
  "primaryMuscles": [
    "quadriceps"
  ],
  "secondaryMuscles": [
    "calves",
    "glutes",
    "hamstrings"
  ],
  "instructions": [
    "Begin standing with your feet hip width apart in an athletic stance. Your head and chest should be up, knees and hips slightly bent. This will be your starting position.",
    "Leaning to your right, extend through your hips, knees, and ankles to jump into the air. Block with the arms to lead the movement, jumping as far to your right as you can.",
    "Land facing the same direction with your feet hip width apart, absorbing the impact through your lower body."
  ],
  "category": "plyometrics",
  "images": [
    "Side_Standing_Long_Jump/0.jpg",
    "Side_Standing_Long_Jump/1.jpg"
  ],
  "id": "Side_Standing_Long_Jump"
}