{
  "name": "Side Leg Raises",
  "force": "pull",
  "level": "beginner",
  "mechanic": null,
  "equipment": "body only",
  "primaryMuscles": [
    "adductors"
  ],
  "secondaryMuscles": [

  ],
  "instructions": [
    "Stand next to a chair, which you may hold onto as a support. Stand on one leg. This will be your starting position.",
    "Keeping your leg straight, raise it as far out to the side as possible, and swing it back down, allowing it to cross the opposite leg.",
    "Repeat this swinging motion 5-10 times, increasing the range of motion as you do so."
  ],
  "category": "stretching",
  "images": [
    "Side_Leg_Raises/0.jpg",
    "Side_Leg_Raises/1.jpg"
  ],
  "id": "Side_Leg_Raises"
}