{
  "name": "Side Neck Stretch",
  "force": "static",
  "level": "beginner",
  "mechanic": "isolation",
  "equipment": null,
  "primaryMuscles": [
    "neck"
  ],
  "secondaryMuscles": [

  ],
  "instructions": [
    "Start with your shoulders relaxed, gently tilt your head towards your shoulder.",
    "Assist stretch with a gentle pull on the side of the head."
  ],
  "category": "stretching",
  "images": [
    "Side_Neck_Stretch/0.jpg",
    "Side_Neck_Stretch/1.jpg"
  ],
  "id": "Side_Neck_Stretch"
}