{
  "name": "Side Lying Groin Stretch",
  "force": "static",
  "level": "beginner",
  "mechanic": "isolation",
  "equipment": null,
  "primaryMuscles": [
    "adductors"
  ],
  "secondaryMuscles": [
    "hamstrings"
  ],
  "instructions": [
    "Start off by lying on your right side and bend your right knee in front of you to stabilize the torso.",
    "Rest your head on your right hand or shoulder. Lift your left leg upward and hold it by the back of the knee (easier) or the foot (harder).",
    "Pull your left knee in toward your left shoulder and simultaneously press your foot or knee down to the floor. To intensify this stretch, straighten your left leg. Switch sides."
  ],
  "category": "stretching",
  "images": [
    "Side_Lying_Groin_Stretch/0.jpg",
    "Side_Lying_Groin_Stretch/1.jpg"
  ],
  "id": "Side_Lying_Groin_Stretch"
}