{
  "name": "Single Leg Glute Bridge",
  "force": "push",
  "level": "beginner",
  "mechanic": "isolation",
  "equipment": "body only",
  "primaryMuscles": [
    "glutes"
  ],
  "secondaryMuscles": [
    "hamstrings"
  ],
  "instructions": [
    "Lay on the floor with your feet flat and knees bent.",
    "Raise one leg off of the ground, pulling the knee to your chest. This will be your starting position.",
    "Execute the movement by driving through the heel, extending your hip upward and raising your glutes off of the ground.",
    "Extend as far as possible, pause and then return to the starting position."
  ],
  "category": "strength",
  "images": [
    "Single_Leg_Glute_Bridge/0.jpg",
    "Single_Leg_Glute_Bridge/1.jpg"
  ],
  "id": "Single_Leg_Glute_Bridge"
}