{
  "name": "Single Leg Push-off",
  "force": "push",
  "level": "beginner",
  "mechanic": "compound",
  "equipment": "other",
  "primaryMuscles": [
    "quadriceps"
  ],
  "secondaryMuscles": [
    "calves",
    "hamstrings"
  ],
  "instructions": [
    "Stand on the ground with one foot resting on the box, heel close to the edge.",
    "Push off with your foot on top of the box, trying to gain as much height as possible by extending through the hip and knee.",
    "Land with the same foot on top of the box, returning your other foot back to the start position."
  ],
  "category": "plyometrics",
  "images": [
    "Single_Leg_Push-off/0.jpg",
    "Single_Leg_Push-off/1.jpg"
  ],
  "id": "Single_Leg_Push-off"
}