{
  "name": "Single-Leg Leg Extension",
  "force": "push",
  "level": "beginner",
  "mechanic": "isolation",
  "equipment": "machine",
  "primaryMuscles": [
    "quadriceps"
  ],
  "secondaryMuscles": [

  ],
  "instructions": [
    "Seat yourself in the machine and adjust it so that you are positioned properly. The pad should be against the lower part of the shin but not in contact with the ankle. Adjust the seat so that the pivot point is in line with your knee. Select a weight appropriate for your abilities.",
    "Maintaining good posture, fully extend one leg, pausing at the top of the motion.",
    "Return to the starting position without letting the weight stop, keeping tension on the muscle.",
    "Repeat for the desired number of repetitions."
  ],
  "category": "strength",
  "images": [
    "Single-Leg_Leg_Extension/0.jpg",
    "Single-Leg_Leg_Extension/1.jpg"
  ],
  "id": "Single-Leg_Leg_Extension"
}