{
  "name": "Single-Leg Lateral Hop",
  "force": "push",
  "level": "beginner",
  "mechanic": "compound",
  "equipment": "other",
  "primaryMuscles": [
    "quadriceps"
  ],
  "secondaryMuscles": [
    "abductors",
    "adductors",
    "calves",
    "hamstrings"
  ],
  "instructions": [
    "Stand to the side of a cone or hurdle. To get into the start position, stand on one leg with your knee slightly bent.",
    "To begin, execute a counterjump to hop sideways over the cone.",
    "Land on your jumping leg, and immediately rebound out of it by jumping back to the start position.",
    "Continue hopping back and forth."
  ],
  "category": "plyometrics",
  "images": [
    "Single-Leg_Lateral_Hop/0.jpg",
    "Single-Leg_Lateral_Hop/1.jpg"
  ],
  "id": "Single-Leg_Lateral_Hop"
}