{
  "name": "Sled Overhead Backward Walk",
  "force": "pull",
  "level": "beginner",
  "mechanic": "compound",
  "equipment": "other",
  "primaryMuscles": [
    "shoulders"
  ],
  "secondaryMuscles": [
    "calves",
    "middle back",
    "quadriceps"
  ],
  "instructions": [
    "Attach dual handles to a sled connected by a rope or chain. Load the sled to a light weight.",
    "Face the sled, backing up until there is some tension in the line. Hold your hands directly above your head with your elbows extended. This will be your starting position.",
    "Walk backwards, keeping your arms raised above your head. Avoid jerky movements."
  ],
  "category": "strength",
  "images": [
    "Sled_Overhead_Backward_Walk/0.jpg",
    "Sled_Overhead_Backward_Walk/1.jpg"
  ],
  "id": "Sled_Overhead_Backward_Walk"
}