{
  "name": "Smith Machine Pistol Squat",
  "force": "push",
  "level": "intermediate",
  "mechanic": "compound",
  "equipment": "machine",
  "primaryMuscles": [
    "quadriceps"
  ],
  "secondaryMuscles": [
    "calves",
    "glutes",
    "hamstrings"
  ],
  "instructions": [
    "To begin, first set the bar to a position that best matches your height. Step under it and position the bar across the back of your shoulders.",
    "Take the bar with your hands facing forward, unlock it and lift it off the rack by extending your legs. 3",
    "Move one foot forward about 12 inches in front of the bar. Extend the other leg out in front of you, holding it off the ground. Look forward at all times and maintain a neutral or slightly arched spine. This will be your starting position.",
    "Maintaining good posture, lower yourself by flexing the knee and hip, going down as far as flexibility allows.",
    "Pause briefly at the bottom and then return to the starting position by driving through the heel of your foot, extending the knee and hip."
  ],
  "category": "strength",
  "images": [
    "Smith_Machine_Pistol_Squat/0.jpg",
    "Smith_Machine_Pistol_Squat/1.jpg"
  ],
  "id": "Smith_Machine_Pistol_Squat"
}