{
  "name": "Spider Curl",
  "force": "pull",
  "level": "beginner",
  "mechanic": "isolation",
  "equipment": "e-z curl bar",
  "primaryMuscles": [
    "biceps"
  ],
  "secondaryMuscles": [

  ],
  "instructions": [
    "Start out by setting the bar on the part of the preacher bench that you would normally sit on. Make sure to align the barbell properly so that it is balanced and will not fall off.",
    "Move to the front side of the preacher bench (the part where the arms usually lay) and position yourself to lay at a 45 degree slant with your torso and stomach pressed against the front side of the preacher bench.",
    "Make sure that your feet (especially the toes) are well positioned on the floor and place your upper arms on top of the pad located on the inside part of the preacher bench.",
    "Use your arms to grab the barbell with a supinated grip (palms facing up) at about shoulder width apart or slightly closer from each other.",
    "Slowly begin to lift the barbell upwards and exhale. Hold the contracted position for a second as you squeeze the biceps.",
    "Slowly begin to bring the barbell back to the starting position as your breathe in. .",
    "Repeat for the recommended amount of repetitions."
  ],
  "category": "strength",
  "images": [
    "Spider_Curl/0.jpg",
    "Spider_Curl/1.jpg"
  ],
  "id": "Spider_Curl"
}