{
  "name": "Standing Dumbbell Press",
  "force": "push",
  "level": "beginner",
  "mechanic": "compound",
  "equipment": "dumbbell",
  "primaryMuscles": [
    "shoulders"
  ],
  "secondaryMuscles": [
    "triceps"
  ],
  "instructions": [
    "Standing with your feet shoulder width apart, take a dumbbell in each hand. Raise the dumbbells to head height, the elbows out and about 90 degrees. This will be your starting position.",
    "Maintaining strict technique with no leg drive or leaning back, extend through the elbow to raise the weights together directly above your head.",
    "Pause, and slowly return the weight to the starting position."
  ],
  "category": "strength",
  "images": [
    "Standing_Dumbbell_Press/0.jpg",
    "Standing_Dumbbell_Press/1.jpg"
  ],
  "id": "Standing_Dumbbell_Press"
}