{
  "name": "Standing Lateral Stretch",
  "force": "static",
  "level": "beginner",
  "mechanic": null,
  "equipment": null,
  "primaryMuscles": [
    "abdominals"
  ],
  "secondaryMuscles": [

  ],
  "instructions": [
    "Take a slightly wider than hip distance stance with your knees slightly bent.",
    "Place your right hand on your right hip to support the spine.",
    "Raise your left arm in a vertical line and place your left hand behind your head. Keep it there as you incline your torso to the right.",
    "Keep your weight evenly distributed between both legs (don't lean into your left hip). Switch sides."
  ],
  "category": "stretching",
  "images": [
    "Standing_Lateral_Stretch/0.jpg",
    "Standing_Lateral_Stretch/1.jpg"
  ],
  "id": "Standing_Lateral_Stretch"
}