{
  "name": "Standing Biceps Stretch",
  "force": "static",
  "level": "beginner",
  "mechanic": "isolation",
  "equipment": "other",
  "primaryMuscles": [
    "biceps"
  ],
  "secondaryMuscles": [
    "chest",
    "shoulders"
  ],
  "instructions": [
    "Clasp your hands behind your back with your palms together, straighten arms and then rotate them so your palms face downward.",
    "Raise your arms up and hold until you feel a stretch in your biceps."
  ],
  "category": "stretching",
  "images": [
    "Standing_Biceps_Stretch/0.jpg",
    "Standing_Biceps_Stretch/1.jpg"
  ],
  "id": "Standing_Biceps_Stretch"
}