{
  "name": "Star Jump",
  "force": "push",
  "level": "beginner",
  "mechanic": "compound",
  "equipment": "body only",
  "primaryMuscles": [
    "quadriceps"
  ],
  "secondaryMuscles": [
    "calves",
    "glutes",
    "hamstrings",
    "shoulders"
  ],
  "instructions": [
    "Begin in a relaxed stance with your feet shoulder width apart and hold your arms close to the body.",
    "To initiate the move, squat down halfway and explode back up as high as possible. Fully extend your entire body, spreading your legs and arms away from the body.",
    "As you land, bring your limbs back in and absorb your impact through the legs."
  ],
  "category": "plyometrics",
  "images": [
    "Star_Jump/0.jpg",
    "Star_Jump/1.jpg"
  ],
  "id": "Star_Jump"
}