{
  "name": "Sumo Deadlift with Bands",
  "force": "pull",
  "level": "intermediate",
  "mechanic": "compound",
  "equipment": "barbell",
  "primaryMuscles": [
    "hamstrings"
  ],
  "secondaryMuscles": [
    "adductors",
    "forearms",
    "glutes",
    "lower back",
    "middle back",
    "quadriceps",
    "traps"
  ],
  "instructions": [
    "To deadlift with short bands, simply loop them over the bar before you start, and step into them to set up. Ensure that they under the back half of your foot, directly where you are driving into the floor.",
    "Begin with a bar loaded on the ground. Approach the bar so that the bar intersects the middle of the feet. The feet should be set very wide, near the collars. Bend at the hips to grip the bar. The arms should be directly below the shoulders, inside the legs, and you can use a pronated grip, a mixed grip, or hook grip.",
    "Take a breath, and then lower your hips, looking forward with your head with your chest up. Drive through the floor, spreading your feet apart, with your weight on the back half of your feet. Extend through the hips and knees.",
    "As the bar passes through the knees, lean back and drive the hips into the bar, pulling your shoulder blades together.",
    "Return the weight to the ground by bending at the hips and controlling the weight on the way down."
  ],
  "category": "powerlifting",
  "images": [
    "Sumo_Deadlift_with_Bands/0.jpg",
    "Sumo_Deadlift_with_Bands/1.jpg"
  ],
  "id": "Sumo_Deadlift_with_Bands"
}