{
  "name": "Two-Arm Kettlebell Jerk",
  "force": "push",
  "level": "intermediate",
  "mechanic": "compound",
  "equipment": "kettlebells",
  "primaryMuscles": [
    "shoulders"
  ],
  "secondaryMuscles": [
    "calves",
    "quadriceps",
    "triceps"
  ],
  "instructions": [
    "Clean two kettlebells to your shoulders. Clean the kettlebells to your shoulders by extending through the legs and hips as you swing the kettlebells towards your shoulders. Rotate your wrists as you do so, so that the palms face forward. Squat down a few inches and reverse the motion rapidly driving both kettlebells overhead. Immediately after the initial push, squat down again and get under the kettlebells. Once the kettlebells are locked out, stand upright to complete the exercise."
  ],
  "category": "strength",
  "images": [
    "Two-Arm_Kettlebell_Jerk/0.jpg",
    "Two-Arm_Kettlebell_Jerk/1.jpg"
  ],
  "id": "Two-Arm_Kettlebell_Jerk"
}