{
  "name": "Two-Arm Kettlebell Military Press",
  "force": "push",
  "level": "intermediate",
  "mechanic": "compound",
  "equipment": "kettlebells",
  "primaryMuscles": [
    "shoulders"
  ],
  "secondaryMuscles": [
    "triceps"
  ],
  "instructions": [
    "Clean two kettlebells to your shoulders. Clean the kettlebells to your shoulders by extending through the legs and hips as you swing the kettlebells towards your shoulders. Rotate your wrists as you do so, so that the palms face forward.",
    "Press the kettlebells up and out. As the kettlebells pass your head, lean into the weights so that the kettlebells are racked behind your head. Make sure to contract your lats, butt, and stomach for added stability."
  ],
  "category": "strength",
  "images": [
    "Two-Arm_Kettlebell_Military_Press/0.jpg",
    "Two-Arm_Kettlebell_Military_Press/1.jpg"
  ],
  "id": "Two-Arm_Kettlebell_Military_Press"
}