{
  "name": "Wrist Rotations with Straight Bar",
  "force": "pull",
  "level": "beginner",
  "mechanic": "isolation",
  "equipment": "barbell",
  "primaryMuscles": [
    "forearms"
  ],
  "secondaryMuscles": [

  ],
  "instructions": [
    "Hold a barbell with both hands and your palms facing down; hands spaced about shoulder width. This will be your starting position.",
    "Alternating between each of your hands, perform the movement by extending the wrist as though you were rolling up a newspaper. Continue alternating back and forth until failure.",
    "Reverse the motion by flexing the wrist, rolling the opposite direction. Continue the alternating motion until failure."
  ],
  "category": "strength",
  "images": [
    "Wrist_Rotations_with_Straight_Bar/0.jpg",
    "Wrist_Rotations_with_Straight_Bar/1.jpg"
  ],
  "id": "Wrist_Rotations_with_Straight_Bar"
}